<OSC>
    <PUERTO>12345</PUERTO>
    <HOST>127.0.0.1</HOST>
    <ETIQUETA>
        <BLOBS>/bblobtracker/blobs</BLOBS>
        <CONTORNOS>/bblobtracker/blobs</CONTORNOS>
    </ETIQUETA>
    <ENVIARBLOBS>1</ENVIARBLOBS>
    <ENVIARCONTORNOS>0</ENVIARCONTORNOS>
</OSC>
<VIEW>
    <IMAGEVIEW>0</IMAGEVIEW>
</VIEW>
<CAM>
    <DEVICEID>0</DEVICEID>
    <HMIRROR>1</HMIRROR>
    <VMIRROR>0</VMIRROR>
    <WARPING>
        <PASO>5</PASO>
        <AX>0.000000000</AX>
        <Ay>0.000000000</Ay>
        <BX>640.000000000</BX>
        <BY>0.000000000</BY>
        <CX>640.000000000</CX>
        <CY>480.000000000</CY>
        <DX>0.000000000</DX>
        <DY>480.000000000</DY>
    </WARPING>
</CAM>
<BGSUBTRACTION>
    <USEBGSUBTRACTION>0</USEBGSUBTRACTION>
    <BGSUBTECHNIQUE>0</BGSUBTECHNIQUE>
    <BRIGHTNESS>0.000000000</BRIGHTNESS>
    <CONTRAST>0.000000000</CONTRAST>
    <BLUR>1</BLUR>
    <DILATE>0</DILATE>
    <ERODE>0</ERODE>
    <ADAPTATIVE>0</ADAPTATIVE>
    <ADAPTSPEED>0.061999999</ADAPTSPEED>
</BGSUBTRACTION>
<CV>
    <THRESHOLD>85.000000000</THRESHOLD>
    <MINAREA>0.010000000</MINAREA>
    <MAXAREA>100.000000000</MAXAREA>
    <PERSISTENCE>15</PERSISTENCE>
    <DISTANCE>30</DISTANCE>
    <INVERT>0</INVERT>
    <FINDHOLES>0</FINDHOLES>
    <TRACKCOLOR>0</TRACKCOLOR>
    <TRACKHS>0</TRACKHS>
</CV>
